model	firmware	dll_size	dll_sha256	masked_signature_match_count	gate_offset	status
Nokia 603	RM-779 SW113.010.1506	54564	49025AE44F033DCEFEB2A0F4D694D9AA401E69912C0956454AA43EFD4C6B825A	1	0xA2B4	DEVICE_VERIFIED
Nokia 603	RM-779 SW111.020.0310	54088	72662F0E1C5216E83C161EE67F7D5452FDDDAB1102D9F574860B880C1928B7F1	1	0xA174	STATIC_ONLY
Nokia 700	RM-670 SW111.020.0308	54088	2382A6D5A1053AE7296B86AA2D437C344D6F7D478F27A554E492FE80DB98F442	1	0xA174	STATIC_ONLY
Nokia 701	RM-774 SW111.030.0609	54092	4F5CC5D903D799AEABF1531D0C17ABA715B2A0174531367D9DA07B3ABBA2A5E1	1	0xA178	STATIC_ONLY
Nokia 808 PureView	RM-807 SW113.010.1508	54880	DFE46C14A169E9D01A410C74B07AFE24C487867CAE3ED79F5850BB67F4BB25C1	1	0xA3DA	STATIC_ONLY
Nokia C7-00	RM-675 SW022.014	56528	2B8B582B224F899283DE6FEB0F0153C1256F8BBB2976AF149BC113A4CEA9F941	1	0xA402	STATIC_ONLY
Nokia E7-00	RM-626 SW111.040.1511	54100	77E24AA6DD3382D07F2802159415B9F3B70D96790E8C70F637E75342DF6B3A87	1	0xA178	STATIC_ONLY
Nokia N8-00	RM-596 SW022.014	56528	AB1759721C05D5A1A08A5636683EE27BE1AC3671FBEC9F91571362BC41F43BF2	1	0xA402	STATIC_ONLY
Nokia X7-00	RM-707 SW025.007	56528	EDDB64BFBD9C8673C1DD5D0DF49F1C339FE821E22D61D0B465F1F5E03F8CB955	1	0xA402	STATIC_ONLY
